{
  "train_loss": [
    37.106879479744855,
    33.94279371640261,
    36.299560841392065,
    38.203047440332526,
    37.67261250141789,
    37.79175707697868,
    38.37745115423904,
    35.376101195812225,
    35.44335222156609,
    35.974418974098036,
    33.324719332596835,
    33.66375108676798,
    30.99852077487637,
    32.303200244027025,
    33.422581656890756,
    33.73092642075875,
    33.305343360585326,
    29.55348062339951,
    29.460309229352895,
    31.002393661176455,
    30.05268489963868,
    31.31530131750247,
    30.646300330758095,
    29.870323060189975,
    30.469033865367663
  ],
  "val_loss": [
    9.579658227808336,
    4.473646321717431,
    2.8348576321321377,
    2.5807003203560326,
    2.5283184121636784,
    2.701333059984095,
    2.468765812761643,
    2.320866370902342,
    2.447295802481034,
    2.371806155232822,
    3.147213669384227,
    2.965480727307937,
    2.8359330156270195,
    2.77019303335863,
    2.9684153269318974,
    3.467931074254653,
    3.1785004945362316,
    3.181805231991936,
    3.343537484898287,
    3.055092429413515,
    3.097076075918534,
    3.165558124289793,
    3.4116518287097706,
    3.736583758802975,
    3.8638634506393883
  ]
}