{
  "train_loss": [
    2.1158834871123817,
    1.674861012136235,
    1.7405569605967577,
    1.7517542733865625,
    1.7344295890892254,
    1.5706110140856575,
    1.6476439237594604,
    1.5837502111406887,
    1.536183574620415,
    1.4433934513260336,
    1.5871789648252375,
    1.6278973563629038,
    1.5969132377820856,
    1.5629982439910663,
    1.6009498343748205,
    1.5533211450366413,
    1.5250599051223082,
    1.454266913673457,
    1.4394445471903856,
    1.4755256263648762,
    1.5174035447485306,
    1.4201665748568142,
    1.431485256728004,
    1.4486778623917524,
    1.5105666421792086,
    1.2136070719536614,
    1.467645196353688,
    1.422628889189047,
    1.4983313294018017,
    1.4036137040923624
  ],
  "val_loss": [
    2.5425930503341885,
    3.5381408764256372,
    3.5013027290503183,
    3.273848924371931,
    3.0076092564397388,
    2.865883520907826,
    2.782060449322065,
    2.8516116779711513,
    2.888173575202624,
    2.802063955201043,
    2.765382847852177,
    2.782501458293862,
    2.7243683255381055,
    2.665390666988161,
    2.6336152777075768,
    2.6169648327761226,
    2.6416874296135373,
    2.6321502410703235,
    2.596339957581626,
    2.5744524697462716,
    2.559408999979496,
    2.5470854424768024,
    2.537151621447669,
    2.5386321942011514,
    2.537799266477426,
    2.546647422843509,
    2.542205463680956,
    2.538299526605341,
    2.533868391480711,
    2.534188133147028
  ],
  "val_mae": [
    1.5555555555555556,
    1.4444444444444444,
    1.5,
    1.6111111111111112,
    1.5555555555555556,
    1.5,
    1.4444444444444444,
    1.4444444444444444,
    1.4444444444444444,
    1.4444444444444444,
    1.4444444444444444,
    1.5,
    1.5555555555555556,
    1.5555555555555556,
    1.5555555555555556,
    1.5555555555555556,
    1.5555555555555556,
    1.5555555555555556,
    1.5555555555555556,
    1.5555555555555556,
    1.5555555555555556,
    1.5555555555555556,
    1.5555555555555556,
    1.5555555555555556,
    1.5555555555555556,
    1.5,
    1.5,
    1.5,
    1.5,
    1.5
  ],
  "val_correlation": [
    -0.14802231160433416,
    NaN,
    -0.06716402948550969,
    -0.18805928255942725,
    0.09790755624849462,
    0.06716402948550969,
    NaN,
    NaN,
    NaN,
    NaN,
    NaN,
    0.06716402948550969,
    0.09790755624849462,
    0.09790755624849462,
    0.09790755624849462,
    0.09790755624849462,
    0.09790755624849462,
    0.09790755624849462,
    0.09790755624849462,
    0.09790755624849462,
    0.09790755624849462,
    0.09790755624849462,
    0.09790755624849462,
    0.09790755624849462,
    0.09790755624849462,
    0.06716402948550969,
    0.06716402948550969,
    0.06716402948550969,
    0.06716402948550969,
    0.06716402948550969
  ]
}