{
  "train_loss": [
    6.819720872796418,
    5.002518049455295,
    3.9262852562428368,
    4.146561303922414,
    3.9466271550091494,
    4.265850285893333,
    4.028811689281129,
    4.797314517977664,
    3.361141539994124,
    4.036718172215521,
    4.202859020881948,
    3.9227396710227955,
    3.7591908428379717,
    3.5615400056957536,
    3.5168249116772237,
    3.553167761936921,
    3.036545841535773,
    4.144348349629206,
    2.855191770032701,
    3.253169711682002
  ],
  "val_loss": [
    0.3966939208262107,
    0.19741760303868966,
    0.6195544052307549,
    0.23705405698103063,
    0.3121194089831346,
    0.25078728400609074,
    0.31741738231743083,
    0.488474587964661,
    1.578365744149778,
    0.2217870213858345,
    0.27514821044657284,
    0.30865333163306147,
    0.3633579628025045,
    0.2294406109379933,
    0.24712333885733695,
    0.23601244481008454,
    0.23717191830634393,
    0.23472420380280443,
    0.24217378457679467,
    0.24970906982129878
  ],
  "val_mae": [
    0.4744,
    0.2909,
    0.7169,
    0.4764,
    0.3383,
    0.4828,
    0.5481,
    0.5361,
    1.1602,
    0.4036,
    0.3266,
    0.3419,
    0.3899,
    0.3791,
    0.4415,
    0.3973,
    0.4065,
    0.3984,
    0.3656,
    0.3629
  ],
  "val_correlation": [
    0.3438,
    0.0215,
    -0.2175,
    -0.2207,
    -0.1876,
    -0.1348,
    -0.1573,
    -0.1438,
    -0.1588,
    -0.1766,
    -0.1931,
    -0.1755,
    -0.1584,
    -0.1584,
    -0.1649,
    -0.171,
    -0.1682,
    -0.1667,
    -0.1728,
    -0.1757
  ]
}